quantity,dose
emitted_dose,6041.459848268816
deposited_dose,3628.1379215085176
airway_dose,2104.016546957059
lobe_dose,1722.036815902664
