quantity,dose
emitted_dose,5482.36117525688
deposited_dose,2488.6871850742186
airway_dose,1504.2828885737515
lobe_dose,936.7597121986844
