quantity,dose
emitted_dose,4589.563877783893
deposited_dose,2304.3368888838854
airway_dose,1525.183224974104
lobe_dose,1125.5206975779322
