,Unnamed: 0,x,y,z,MaximumInscribedSphereRadius,Blanking,CenterlineIds,TractIds,GroupIds
450,450,82.227066,72.65469,-248.90308,2.1718521074728807,0.0,55.0,12.0,157.0
451,451,83.99851,76.103584,-247.349,1.6408173510805066,0.0,55.0,12.0,157.0
452,452,85.55908,79.52555,-245.50288,1.7579248556255394,0.0,55.0,12.0,157.0
453,453,87.08178,83.00017,-243.72957,1.7269618747836566,0.0,55.0,12.0,157.0
454,454,88.65735,86.484955,-242.00871,1.736439138843757,0.0,55.0,12.0,157.0
