,Unnamed: 0,x,y,z,MaximumInscribedSphereRadius,Blanking,CenterlineIds,TractIds,GroupIds
391,391,90.400856,44.71315,-252.11948,4.403244508277208,0.0,46.0,6.0,159.0
392,392,86.95749,46.92838,-253.50597,3.952041468339091,0.0,46.0,6.0,159.0
393,393,83.662384,49.668514,-253.9426,3.990804749802321,0.0,46.0,6.0,159.0
394,394,80.69679,52.762566,-253.66516,3.609187558366161,0.0,46.0,6.0,159.0
