,Unnamed: 0,x,y,z,MaximumInscribedSphereRadius,Blanking,CenterlineIds,TractIds,GroupIds
469,469,101.045685,36.19638,-218.14667,5.356864373623445,0.0,60.0,4.0,164.0
470,470,101.72858,41.72587,-217.0153,4.553343481958208,0.0,60.0,4.0,164.0
471,471,101.63281,46.946743,-214.92436,4.632458400758712,0.0,60.0,4.0,164.0
