,Unnamed: 0,x,y,z,MaximumInscribedSphereRadius,Blanking,CenterlineIds,TractIds,GroupIds
88,88,94.791405,-33.09567,-239.40437,5.140232055565776,0.0,0.0,4.0,4.0
89,89,91.458,-38.295315,-236.96024,4.731072135570049,0.0,0.0,4.0,4.0
