,Unnamed: 0,x,y,z,MaximumInscribedSphereRadius,Blanking,CenterlineIds,TractIds,GroupIds
215,215,99.26157,18.085413,-201.78136,8.753640466359123,0.0,20.0,2.0,58.0
216,216,98.35412,19.67858,-205.68217,8.421631001682524,0.0,20.0,2.0,58.0
217,217,98.073586,20.798016,-209.83423,7.954296045514967,0.0,20.0,2.0,58.0
218,218,98.10043,22.81086,-213.62679,7.505284447053805,0.0,20.0,2.0,58.0
219,219,98.14078,25.762882,-216.75116,7.3663519663609724,0.0,20.0,2.0,58.0
220,220,98.73639,29.12887,-219.31308,7.31885902766988,0.0,20.0,2.0,58.0
