,Unnamed: 0,x,y,z,MaximumInscribedSphereRadius,Blanking,CenterlineIds,TractIds,GroupIds
221,221,98.92727,33.514572,-225.60059,6.372056442237106,0.0,20.0,4.0,60.0
222,222,98.834274,35.09483,-229.82614,5.755213217546688,0.0,20.0,4.0,60.0
223,223,98.68399,36.48942,-234.133,5.83795863574529,0.0,20.0,4.0,60.0
224,224,98.38594,37.519566,-238.47086,6.002933659584782,0.0,20.0,4.0,60.0
225,225,97.66313,38.781925,-242.79053,5.788898182178391,0.0,20.0,4.0,60.0
226,226,96.84744,40.619217,-246.7353,6.0814279516461225,0.0,20.0,4.0,60.0
