,Unnamed: 0,x,y,z,MaximumInscribedSphereRadius,Blanking,CenterlineIds,TractIds,GroupIds
227,227,95.47658,46.60404,-255.90018,5.070055956189691,0.0,20.0,6.0,62.0
228,228,94.332405,48.780132,-261.48065,4.143001547200675,0.0,20.0,6.0,62.0
