,Unnamed: 0,x,y,z,MaximumInscribedSphereRadius,Blanking,CenterlineIds,TractIds,GroupIds
312,312,98.49397,-31.872553,-245.1134,5.833844284355076,0.0,33.0,4.0,97.0
313,313,99.812546,-35.140408,-248.31937,5.386751055852865,0.0,33.0,4.0,97.0
