quantity,dose
emitted_dose,8752.437356485783
deposited_dose,4599.766818329329
airway_dose,2884.3976361655928
lobe_dose,1837.2645571834519
