quantity,dose
emitted_dose,7778.010266752384
deposited_dose,4068.7754690338074
airway_dose,2244.321237487566
lobe_dose,1914.1647941083893
