quantity,dose
emitted_dose,6700.603393190479
deposited_dose,3565.3960796456145
airway_dose,2231.755126836491
lobe_dose,1302.746916854634
