quantity,dose
emitted_dose,6261.593012038535
deposited_dose,2595.641992958412
airway_dose,1524.653824969217
lobe_dose,982.2657584479085
