quantity,dose
emitted_dose,7533.3520622068
deposited_dose,2753.9089066312276
airway_dose,1716.8226427348993
lobe_dose,1355.664287662388
