quantity,dose
emitted_dose,7364.989159739344
deposited_dose,5528.94278287827
airway_dose,2094.5411543650134
lobe_dose,1675.183820580486
